{
	"customTemplates": [
		{
			"name": "single-no-sidebar",
			"postTypes": [
				"page",
				"post"
			],
			"title": "Single, no sidebar"
		}
	],
	"settings": {
		"appearanceTools": true,
		"color": {
			"duotone": [
				{
					"colors": [
						"#000000",
						"#C8266A"
					],
					"name": "Black and pink",
					"slug": "black-pink"
				},
				{
					"colors": [
						"#000000",
						"#3371BD"
					],
					"name": "Black and blue",
					"slug": "black-blue"
				},
				{
					"colors": [
						"#000000",
						"#92A317"
					],
					"name": "Black and green",
					"slug": "black-green"
				},
				{
					"colors": [
						"#000000",
						"#FCE9A5"
					],
					"name": "Black and yellow",
					"slug": "black-yellow"
				},
				{
					"colors": [
						"#000000",
						"#EA5200"
					],
					"name": "Black and orange",
					"slug": "black-orange"
				},
				{
					"colors": [
						"#000000",
						"#6C4A8F"
					],
					"name": "Black and purple",
					"slug": "black-purple"
				},
				{
					"colors": [
						"#000000",
						"#F5F3EA"
					],
					"name": "Black and Base",
					"slug": "black-base"
				}
			],
			"palette": [
				{
					"color": "#F5F3EA",
					"name": "Base",
					"slug": "base"
				},
				{
					"color": "#000000",
					"name": "Contrast",
					"slug": "contrast"
				},
				{
					"color": "#6E6E6E",
					"name": "Primary",
					"slug": "primary"
				},
				{
					"color": "#ADADAD",
					"name": "Secondary",
					"slug": "secondary"
				}
			]
		},
		"layout": {
			"contentSize": "874px",
			"wideSize": "1300px"
		},
		"spacing": {
			"spacingScale": {
				"steps": 7
			},
			"spacingSizes": [
				{
					"name": "4",
					"size": "min(40px, 6vw)",
					"slug": "40"
				},
				{
					"name": "5",
					"size": "min(50px, 10vw)",
					"slug": "50"
				},
				{
					"name": "6",
					"size": "min(60px, 12vw)",
					"slug": "60"
				},
				{
					"name": "7",
					"size": "min(70px, 14vw)",
					"slug": "70"
				},
				{
					"name": "8",
					"size": "min(80px, 16vw)",
					"slug": "80"
				},
				{
					"name": "9",
					"size": "min(90px, 18vw)",
					"slug": "90"
				},
				{
					"name": "10",
					"size": "min(100px, 20vw)",
					"slug": "100"
				}
			],
			"units": [
				"%",
				"px",
				"em",
				"rem",
				"vh",
				"vw"
			]
		},
		"typography": {
			"fluid": true,
			"fontFamilies": [
				{
					"fontFamily": "-apple-system, BlinkMacSystemFont, 'Segoe UI', Roboto, Oxygen-Sans, Ubuntu, Cantarell, 'Helvetica Neue', sans-serif",
					"name": "System Font",
					"slug": "system-font"
				},
				{
					"fontFace": [
						{
							"fontFamily": "Old Standard TT",
							"fontStyle": "normal",
							"fontWeight": "400",
							"src": [
								"file:./assets/fonts/old-standard-tt-v18-cyrillic_cyrillic-ext_latin_latin-ext_vietnamese-regular.woff2"
							]
						},
						{
							"fontFamily": "Old Standard TT",
							"fontStyle": "italic",
							"fontWeight": "400",
							"src": [
								"file:./assets/fonts/old-standard-tt-v18-cyrillic_cyrillic-ext_latin_latin-ext_vietnamese-italic.woff2"
							]
						},
						{
							"fontFamily": "Old Standard TT",
							"fontStyle": "normal",
							"fontWeight": "700",
							"src": [
								"file:./assets/fonts/old-standard-tt-v18-cyrillic_cyrillic-ext_latin_latin-ext_vietnamese-700.woff2"
							]
						}
					],
					"fontFamily": "Old Standard TT",
					"slug": "old-standard-tt"
				}
			],
			"fontSizes": [
				{
					"fluid": false,
					"name": "Extra small",
					"size": "0.875rem",
					"slug": "extra-small"
				},
				{
					"fluid": {
						"max": "1rem",
						"min": "0.875rem"
					},
					"name": "Small",
					"size": "1rem",
					"slug": "small"
				},
				{
					"fluid": false,
					"name": "Normal",
					"size": "1.375rem",
					"slug": "normal"
				},
				{
					"fluid": {
						"max": "1.625rem",
						"min": "1.375rem"
					},
					"name": "Medium",
					"size": "1.625rem",
					"slug": "medium"
				},
				{
					"fluid": {
						"max": "1.875rem",
						"min": "1.625rem"
					},
					"name": "Large",
					"size": "1.875rem",
					"slug": "large"
				},
				{
					"fluid": false,
					"name": "Extra large",
					"size": "2.375rem",
					"slug": "extra-large"
				},
				{
					"fluid": {
						"max": "3.75rem",
						"min": "2.5rem"
					},
					"name": "XX large",
					"size": "3.75em",
					"slug": "xx-large"
				},
				{
					"fluid": false,
					"name": "Huge",
					"size": "5rem",
					"slug": "huge"
				}
			]
		},
		"useRootPaddingAwareAlignments": true
	},
	"styles": {
		"blocks": {
			"core/button": {
				"variations": {
					"outline": {
						"border": {
							"width": "1px"
						}
					}
				}
			},
			"core/categories": {
				"css": "list-style-type: none; & li{margin-bottom: 0.625rem;}",
				"elements": {
					"link": {
						":hover": {
							"typography": {
								"textDecoration": "underline"
							}
						},
						"typography": {
							"textDecoration": "none"
						}
					}
				},
				"spacing": {
					"padding": {
						"left": "0",
						"right": "0"
					}
				},
				"typography": {
					"fontSize": "var(--wp--preset--font-size--normal)",
					"fontStyle": "italic",
					"letterSpacing": "-1px",
					"lineHeight": "1.6"
				}
			},
			"core/comment-author-name": {
				"typography": {
					"fontWeight": "700"
				}
			},
			"core/comment-content": {
				"css": " & a{text-decoration:underline;} & a:hover{text-decoration:none;}"
			},
			"core/comment-date": {
				"typography": {
					"fontSize": "var(--wp--preset--font-size--small)"
				}
			},
			"core/comment-edit-link": {
				"typography": {
					"fontSize": "var(--wp--preset--font-size--small)"
				}
			},
			"core/comment-reply-link": {
				"typography": {
					"fontSize": "var(--wp--preset--font-size--small)"
				}
			},
			"core/comment-template": {
				"elements": {
					"link": {
						":hover": {
							"typography": {
								"textDecoration": "underline"
							}
						},
						"typography": {
							"textDecoration": "none"
						}
					}
				}
			},
			"core/comments-title": {
				"typography": {
					"fontSize": "var(--wp--preset--font-size--extra-large)"
				}
			},
			"core/latest-comments": {
				"elements": {
					"link": {
						":hover": {
							"typography": {
								"textDecoration": "underline"
							}
						},
						"typography": {
							"textDecoration": "none"
						}
					}
				}
			},
			"core/latest-posts": {
				"css": "& li{margin-bottom: 1.25rem;}",
				"elements": {
					"link": {
						":hover": {
							"typography": {
								"textDecoration": "underline"
							}
						},
						"typography": {
							"textDecoration": "none"
						}
					}
				},
				"typography": {
					"fontSize": "var(--wp--preset--font-size--normal)",
					"fontStyle": "italic",
					"lineHeight": "1.4"
				}
			},
			"core/post-content": {
				"typography": {
					"fontSize": "var(--wp--preset--font-size--normal)",
					"lineHeight": "1.6"
				}
			},
			"core/post-date": {
				"elements": {
					"link": {
						"typography": {
							"textDecoration": "none"
						}
					}
				},
				"typography": {
					"fontStyle": "italic"
				}
			},
			"core/post-navigation-link": {
				"elements": {
					"link": {
						"typography": {
							"textDecoration": "none"
						}
					}
				}
			},
			"core/post-title": {
				"elements": {
					"link": {
						"typography": {
							"textDecoration": "none"
						}
					}
				},
				"typography": {
					"fontSize": "var(--wp--preset--font-size--extra-large)"
				}
			},
			"core/query-pagination": {
				"typography": {
					"fontSize": "var(--wp--preset--font-size--medium)"
				}
			},
			"core/query-pagination-next": {
				"typography": {
					"lineHeight": "1",
					"textDecoration": "none"
				}
			},
			"core/query-pagination-previous": {
				"typography": {
					"lineHeight": "1",
					"textDecoration": "none"
				}
			},
			"core/quote": {
				"elements": {
					"cite": {
						"typography": {
							"fontSize": "var(--wp--preset--font-size--normal)",
							"lineHeight": "1.6"
						}
					}
				},
				"typography": {
					"fontSize": "var(--wp--preset--font-size--extra-large)",
					"lineHeight": "1.2"
				}
			},
			"core/search": {
				"typography": {
					"fontFamily": "var(--wp--preset--font-family--old-standard-tt)",
					"fontSize": "var(--wp--preset--font-size--normal)"
				}
			},
			"core/separator": {
				"border": {
					"color": "currentColor",
					"style": "solid",
					"width": "0 0 1px 0"
				},
				"color": {
					"background": "var(--wp--preset--color--contrast)",
					"text": "var(--wp--preset--color--contrast)"
				}
			},
			"core/site-title": {
				"elements": {
					"link": {
						"typography": {
							"textDecoration": "none"
						}
					}
				},
				"typography": {
					"fontSize": "var(--wp--preset--font-size--normal)"
				}
			}
		},
		"color": {
			"background": "var(--wp--preset--color--base)",
			"text": "var(--wp--preset--color--contrast)"
		},
		"elements": {
			"button": {
				":active": {
					"border": {
						"color": "transparent"
					},
					"color": {
						"background": "var(--wp--preset--color--secondary)",
						"text": "var(--wp--preset--color--base)"
					}
				},
				":focus": {
					"border": {
						"color": "var(--wp--preset--color--contrast)"
					},
					"color": {
						"background": "var(--wp--preset--color--base)",
						"text": "var(--wp--preset--color--contrast)"
					},
					"outline": {
						"color": "var(--wp--preset--color--secondary)",
						"offset": "4px",
						"width": "1px"
					}
				},
				":hover": {
					"border": {
						"color": "var(--wp--preset--color--contrast)"
					},
					"color": {
						"background": "var(--wp--preset--color--base)",
						"text": "var(--wp--preset--color--contrast)"
					}
				},
				"border": {
					"color": "transparent",
					"radius": "0",
					"style": "solid",
					"width": "1px"
				},
				"color": {
					"background": {
						"ref": "styles.color.text"
					}
				},
				"spacing": {
					"padding": {
						"bottom": "calc(0.667em + 1px)",
						"left": "calc(1.333em + 1px)",
						"right": "calc(1.333em + 1px)",
						"top": "calc(0.667em + 1px)"
					}
				}
			},
			"h1": {
				"typography": {
					"fontSize": "var(--wp--preset--font-size--huge)",
					"lineHeight": "1.1"
				}
			},
			"h2": {
				"typography": {
					"fontSize": "var(--wp--preset--font-size--xx-large)",
					"lineHeight": "1.3"
				}
			},
			"h3": {
				"typography": {
					"fontSize": "var(--wp--preset--font-size--extra-large)"
				}
			},
			"h4": {
				"typography": {
					"fontSize": "2.125rem",
					"lineHeight": "1.5"
				}
			},
			"h5": {
				"typography": {
					"fontSize": "1.75rem",
					"fontWeight": "700",
					"lineHeight": "1.7"
				}
			},
			"h6": {
				"typography": {
					"fontSize": "var(--wp--preset--font-size--normal)",
					"fontWeight": "700",
					"textTransform": "uppercase"
				}
			},
			"heading": {
				"typography": {
					"fontWeight": "400",
					"letterSpacing": "-1px"
				}
			},
			"link": {
				":active": {
					"color": {
						"text": "var(--wp--preset--color--secondary)"
					},
					"typography": {
						"textDecoration": "underline"
					}
				},
				":focus": {
					"color": {
						"text": "var(--wp--preset--color--secondary)"
					},
					"outline": {
						"color": "var(--wp--preset--color--secondary)",
						"width": "1px"
					},
					"typography": {
						"textDecoration": "underline"
					}
				},
				":hover": {
					"typography": {
						"textDecoration": "none"
					}
				},
				"color": {
					"text": {
						"ref": "styles.color.text"
					}
				}
			}
		},
		"spacing": {
			"padding": {
				"bottom": "0",
				"left": "var(--wp--preset--spacing--60)",
				"right": "var(--wp--preset--spacing--60)",
				"top": "0"
			}
		},
		"typography": {
			"fontFamily": "var(--wp--preset--font-family--old-standard-tt)",
			"fontSize": "var(--wp--preset--font-size--normal)",
			"lineHeight": "1.5"
		}
	},
	"templateParts": [
		{
			"area": "header",
			"name": "header",
			"title": "Header"
		},
		{
			"area": "header",
			"name": "header-large",
			"title": "Large Header"
		},
		{
			"area": "footer",
			"name": "footer",
			"title": "Footer"
		},
		{
			"area": "footer",
			"name": "footer-large",
			"title": "Large footer"
		}
	],
	"version": 2,
	"$schema": "https://schemas.wp.org/wp/6.5/theme.json"
}